{
  "acc": 0.7407407407407407,
  "prec": 0.7105263157894737,
  "rec": 0.9,
  "f1": 0.7941176470588235,
  "auc": 0.8805555555555555,
  "cm": [
    [
      13,
      11
    ],
    [
      3,
      27
    ]
  ]
}