{
  "acc": 0.7407407407407407,
  "prec": 0.8636363636363636,
  "rec": 0.6333333333333333,
  "f1": 0.7307692307692307,
  "auc": 0.9277777777777777,
  "cm": [
    [
      21,
      3
    ],
    [
      11,
      19
    ]
  ]
}