{
  "acc": 0.8148148148148148,
  "prec": 0.75,
  "rec": 1.0,
  "f1": 0.8571428571428571,
  "auc": 0.8805555555555555,
  "cm": [
    [
      14,
      10
    ],
    [
      0,
      30
    ]
  ]
}