{
  "acc": 0.5370370370370371,
  "prec": 0.5581395348837209,
  "rec": 0.8,
  "f1": 0.6575342465753424,
  "auc": 0.9833333333333334,
  "cm": [
    [
      5,
      19
    ],
    [
      6,
      24
    ]
  ]
}