{
  "acc": 0.7962962962962963,
  "prec": 0.7714285714285715,
  "rec": 0.9,
  "f1": 0.8307692307692308,
  "auc": 0.8805555555555555,
  "cm": [
    [
      16,
      8
    ],
    [
      3,
      27
    ]
  ]
}